title,link,tag,fixLink
A Day Out по сети,https://online-fix.me/games/shooter/17265-a-day-out-po-seti.html,shooter,https://uploads.online-fix.me:2053/uploads/A%20Day%20Out/Fix%20Repair/ADO_Fix_Repair_Steam_Generic.rar
A Few Quick Matches по сети,https://online-fix.me/games/officialservers/17843-a-few-quick-matches-po-seti.html,officialservers,https://uploads.online-fix.me:2053/uploads/A%20Few%20Quick%20Matches/Fix%20Repair/AFewQuickMatches_Fix_Repair_Steam_V2_Generic.rar
A Game of Thrones The Board Game Digital Edition по сети,https://online-fix.me/games/strategy/16549-a-game-of-thrones-the-board-game-digital-edition-po-seti.html,strategy,https://uploads.online-fix.me:2053/uploads/A%20Game%20of%20Thrones%20The%20Board%20Game%20Digital%20Edition/Fix%20Repair/AGoTTBGDE_Fix_Repair_Steam_Generic.rar
A Gentlemens Dispute по сети,https://online-fix.me/games/fighting/17883-a-gentlemens-dispute-po-seti.html,fighting,https://uploads.online-fix.me:2053/uploads/A%20Gentlemen%27s%20Dispute/Fix%20Repair/AGentlemensDispute_Fix_Repair_Steam_Generic.rar
A Hat in Time по сети,https://online-fix.me/games/rpg/16410-a-hat-in-time-po-seti.html,rpg,https://uploads.online-fix.me:2053/uploads/A%20Hat%20in%20Time/Fix%20Repair/AHiT_Fix_Repair_Steam_Generic.rar
A House of Thieves по сети,https://online-fix.me/games/strategy/16658-a-house-of-thieves-po-seti.html,strategy,https://uploads.online-fix.me:2053/uploads/A%20House%20of%20Thieves/Fix%20Repair/AHoT_Fix_Repair_Steam_Generic.rar
A Total War Saga THRONES OF BRITANNIA по сети,https://online-fix.me/games/strategy/17058-a-total-war-saga-thrones-of-britannia-po-seti.html,strategy,https://uploads.online-fix.me:2053/uploads/A%20Total%20War%20Saga%20THRONES%20OF%20BRITANNIA/Fix%20Repair/ATWSToB_Fix_Repair_Steam_Generic.rar
A Way Out по сети,https://online-fix.me/games/arcade/16284-a-way-out-po-seti.html,arcade,https://uploads.online-fix.me:2053/uploads/A%20Way%20Out/Fix%20Repair/AWO_Fix_Repair_Steam.rar
A Way To Be Dead по сети,https://online-fix.me/games/adventures/16894-a-way-to-be-dead-po-seti.html,adventures,https://uploads.online-fix.me:2053/uploads/A%20Way%20To%20Be%20Dead/Fix%20Repair/AWTBD_Fix_Repair_Steam_Generic.rar
Abiotic Factor по сети,https://online-fix.me/games/survival/17505-abiotic-factor-po-seti.html,survival,https://uploads.online-fix.me:2053/uploads/Abiotic%20Factor/Fix%20Repair/AbioticFactor_Fix_Repair_Steam_V2_Generic.rar
Absolum по сети,https://online-fix.me/games/adventures/17901-absolum-po-seti.html,adventures,https://uploads.online-fix.me:2053/uploads/Absolum/Fix%20Repair/Absolum_Fix_Repair_Steam_Generic.rar
Absolver по сети,https://online-fix.me/games/shooter/16378-absolver-po-seti.html,shooter,https://uploads.online-fix.me:2053/uploads/Absolver/Fix%20Repair/Absolver_Fix_Repair_Steam_Generic.rar
Abyss Odyssey по сети,https://online-fix.me/games/adventures/16940-abyss-odyssey-po-seti.html,adventures,https://uploads.online-fix.me:2053/uploads/Abyss%20Odyssey/Fix%20Repair/AO_Fix_Repair_Steam_Generic.rar
Abyssus по сети,https://online-fix.me/games/adventures/17847-abyssus-po-seti.html,adventures,https://uploads.online-fix.me:2053/uploads/Abyssus/Fix%20Repair/Abyssus_Fix_Repair_Steam_V2_Generic.rar
Ace Combat 7 Skies Unknown по сети,https://online-fix.me/games/simulator/16790-ace-combat-7-skies-unknown-po-seti.html,simulator,https://uploads.online-fix.me:2053/uploads/ACE%20COMBAT%207%20SKIES%20UNKNOWN/Fix%20Repair/AC7SU_Fix_Repair_Steam_Generic.rar
Achilles Legends Untold по сети,https://online-fix.me/games/adventures/17062-achilles-legends-untold-po-seti.html,adventures,https://uploads.online-fix.me:2053/uploads/Achilles%20Legends%20Untold/Fix%20Repair/ALU_Fix_Repair_Steam_Generic.rar
AColony по сети,https://online-fix.me/games/sandbox/17216-acolony-po-seti.html,sandbox,https://uploads.online-fix.me:2053/uploads/AColony/Fix%20Repair/AColony_Fix_Repair_Steam_Generic.rar
Across the Obelisk по сети,https://online-fix.me/games/adventures/17031-across-the-obelisk-po-seti.html,adventures,https://uploads.online-fix.me:2053/uploads/Across%20the%20Obelisk/Fix%20Repair/AcrossTheObelisk_Fix_Repair_Steam_V4_Generic.rar
AFTERBLAST по сети,https://online-fix.me/games/arcade/17966-afterblast-po-seti.html,arcade,https://uploads.online-fix.me:2053/uploads/AFTERBLAST/Fix%20Repair/AFTERBLAST_Fix_Repair_Steam_Generic.rar
Age of Darkness Final Stand по сети,https://online-fix.me/games/strategy/17684-age-of-darkness-final-stand-po-seti.html,strategy,https://uploads.online-fix.me:2053/uploads/Age%20of%20Darkness%20Final%20Stand/Fix%20Repair/AgeOfDarknessFinalStand_Fix_Repair_Steam_V2_Generic.rar
Age of Empires Definitive Edition по сети,https://online-fix.me/games/strategy/16843-age-of-empires-definitive-edition-po-seti.html,strategy,https://uploads.online-fix.me:2053/uploads/Age%20of%20Empires%20Definitive%20Edition/Fix%20Repair/
Age of Empires II Definitive Edition по сети,https://online-fix.me/games/strategy/17017-age-of-empires-ii-definitive-edition-po-seti.html,strategy,https://uploads.online-fix.me:2053/uploads/Age%20of%20Empires%20II%20Definitive%20Edition/Fix%20Repair/
Age of Empires II по сети,https://online-fix.me/games/strategy/16519-age-of-empires-ii-po-seti.html,strategy,https://uploads.online-fix.me:2053/uploads/Age%20of%20Empires%20II/Fix%20Repair/AoEII_Fix_Repair_Steam_Generic.rar
Age of Empires III Definitive Edition по сети,https://online-fix.me/games/strategy/16871-age-of-empires-iii-definitive-edition-po-seti.html,strategy,https://uploads.online-fix.me:2053/uploads/Age%20of%20Empires%20III%20Definitive%20Edition/Fix%20Repair/
Age of Empires IV по сети,https://online-fix.me/games/strategy/16818-age-of-empires-iv-po-seti.html,strategy,None
Age of Mythology Extended Edition по сети,https://online-fix.me/games/strategy/16516-age-of-mythology-extended-edition-po-seti.html,strategy,https://uploads.online-fix.me:2053/uploads/Age%20of%20Mythology%20Extended%20Edition/Fix%20Repair/AoMEE_Fix_Repair_Steam_Generic.rar
Age of Mythology Retold по сети,https://online-fix.me/games/officialservers/17574-age-of-mythology-retold-po-seti.html,officialservers,https://uploads.online-fix.me:2053/uploads/Age%20of%20Mythology%20Retold/Fix%20Repair/
Age of Wonders 4 по сети,https://online-fix.me/games/strategy/17257-age-of-wonders-4-po-seti.html,strategy,https://uploads.online-fix.me:2053/uploads/Age%20of%20Wonders%204/Fix%20Repair/AoW4_Fix_Repair_Steam_Generic.rar
Age of Wonders Planetfall по сети,https://online-fix.me/games/strategy/16447-age-of-wonders-planetfall-po-seti.html,strategy,https://uploads.online-fix.me:2053/uploads/Age%20of%20Wonders%20Planetfall/Fix%20Repair/AoWP_Fix_Repair_Steam_Generic.rar
Agrou по сети,https://online-fix.me/games/adventures/16532-agrou-po-seti.html,adventures,https://uploads.online-fix.me:2053/uploads/Agrou/Fix%20Repair/Agrou_Fix_Repair_Steam_Generic.rar
Aground по сети,https://online-fix.me/games/survival/16858-aground-po-seti.html,survival,https://uploads.online-fix.me:2053/uploads/Aground/Fix%20Repair/Aground_Fix_Repair_Steam_Generic.rar
AirportSim по сети,https://online-fix.me/games/simulator/17363-airportsim-po-seti.html,simulator,https://uploads.online-fix.me:2053/uploads/AirportSim/Fix%20Repair/AirportSim_Fix_Repair_Steam_Generic.rar
Airships Conquer the Skies по сети,https://online-fix.me/games/strategy/16432-airships-conquer-the-skies-po-seti.html,strategy,https://uploads.online-fix.me:2053/uploads/Airships%20Conquer%20the%20Skies/Fix%20Repair/
Alchemists Awakening по сети,https://online-fix.me/games/sandbox/16733-alchemists-awakening-po-seti.html,sandbox,https://uploads.online-fix.me:2053/uploads/Alchemist%27s%20Awakening/Fix%20Repair/AA_Fix_Repair_Steam_Generic.rar
Alchemy Factory по сети,https://online-fix.me/games/simulator/17975-alchemy-factory-po-seti.html,simulator,https://uploads.online-fix.me:2053/uploads/Alchemy%20Factory/Fix%20Repair/AlchemyFactory_Fix_Repair_Steam_Generic.rar
Ale and Tale Tavern по сети,https://online-fix.me/games/adventures/17580-ale-and-tale-tavern-po-seti.html,adventures,https://uploads.online-fix.me:2053/uploads/Ale%20%26%20Tale%20Tavern/Fix%20Repair/ATT_Fix_Repair_Steam_Generic.rar
Alien Hominid Invasion по сети,https://online-fix.me/games/arcade/17374-alien-hominid-invasion-po-seti.html,arcade,https://uploads.online-fix.me:2053/uploads/Alien%20Hominid%20Invasion/Fix%20Repair/AHI_Fix_Repair_Steam.rar
Aliens Colonial Marines по сети,https://online-fix.me/games/shooter/16560-aliens-colonial-marines-po-seti.html,shooter,https://uploads.online-fix.me:2053/uploads/Aliens%20Colonial%20Marines/Fix%20Repair/ACM_Fix_Repair_Steam.rar
Aliens Fireteam Elite по сети,https://online-fix.me/games/shooter/16687-aliens-fireteam-elite-po-seti.html,shooter,https://uploads.online-fix.me:2053/uploads/Aliens%20Fireteam%20Elite/Fix%20Repair/AFE_Fix_Repair_Steam_V3_Generic.rar
Aliens vs Predator по сети,https://online-fix.me/games/shooter/17104-aliens-vs-predator-po-seti.html,shooter,https://uploads.online-fix.me:2053/uploads/Aliens%20vs%20Predator/Fix%20Repair/AvsP_Fix_Repair_Steam.rar
All Hands on Deck по сети,https://online-fix.me/games/officialservers/17976-all-hands-on-deck-po-seti.html,officialservers,https://uploads.online-fix.me:2053/uploads/All%20Hands%20on%20Deck/Fix%20Repair/AllHandsOnDeck_Fix_Repair_Steam_Generic.rar
All-In-One Sports VR по сети,https://online-fix.me/games/survival/17152-all-in-one-sports-vr-po-seti.html,survival,https://uploads.online-fix.me:2053/uploads/All%20In%20One%20Sports%20VR/Fix%20Repair/AIOSVR_Fix_Repair_Steam_Generic.rar
Aloft по сети,https://online-fix.me/games/officialservers/17672-aloft-po-seti.html,officialservers,https://uploads.online-fix.me:2053/uploads/Aloft/Fix%20Repair/Aloft_Fix_Repair_Steam_Generic.rar
Alpha Response по сети,https://online-fix.me/games/shooter/17806-alpha-response-po-seti.html,shooter,https://uploads.online-fix.me:2053/uploads/Alpha%20Response/Fix%20Repair/AlphaResponse_Fix_Repair_Steam_Generic.rar
Altarium по сети,https://online-fix.me/games/officialservers/17756-altarium-po-seti.html,officialservers,https://uploads.online-fix.me:2053/uploads/Altarium/Fix%20Repair/Altarium_Fix_Repair_Steam_Generic.rar
American Truck Simulator по сети,https://online-fix.me/games/simulator/16642-american-truck-simulator-po-seti.html,simulator,https://uploads.online-fix.me:2053/uploads/American%20Truck%20Simulator/Fix%20Repair/AmericanTruckSimulator_Fix_Repair_Steam_Generic.rar
Among Us VR по сети,https://online-fix.me/games/adventures/17181-among-us-vr-po-seti.html,adventures,https://uploads.online-fix.me:2053/uploads/Among%20Us%20VR/Fix%20Repair/AUVR_Fix_Repair_Steam_Generic.rar
Among Us по сети,https://online-fix.me/games/shooter/16450-among-us-po-seti.html,shooter,https://uploads.online-fix.me:2053/uploads/Among%20Us/Fix%20Repair/AmongUs_Fix_Repair_GDK_Generic.rar
Ancestors Legacy по сети,https://online-fix.me/games/strategy/16453-ancestors-legacy-po-seti.html,strategy,https://uploads.online-fix.me:2053/uploads/Ancestors%20Legacy/Fix%20Repair/AL_Fix_Repair_GOG_Generic.rar
Ancient Dungeon по сети,https://online-fix.me/games/sandbox/17410-ancient-dungeon-po-seti.html,sandbox,https://uploads.online-fix.me:2053/uploads/Ancient%20Dungeon/Fix%20Repair/AncientDungeon_Fix_Repair_Steam.rar
Ancient Wars Sparta Definitive Edition по сети,https://online-fix.me/games/strategy/17164-ancient-wars-sparta-definitive-edition-po-seti.html,strategy,https://uploads.online-fix.me:2053/uploads/Ancient%20Wars%20Sparta%20Definitive%20Edition/Fix%20Repair/AWSDE_Fix_Repair_Steam_Generic.rar
Animal Shelter 2 по сети,https://online-fix.me/games/simulator/17826-animal-shelter-2-po-seti.html,simulator,https://uploads.online-fix.me:2053/uploads/Animal%20Shelter%202/Fix%20Repair/AnimalShelter2_Fix_Repair_Steam_Generic.rar
Anomaly Company по сети,https://online-fix.me/games/horror/18057-anomaly-company-po-seti.html,horror,https://uploads.online-fix.me:2053/uploads/Anomaly%20Company/Fix%20Repair/AnomalyCompany_Fix_Repair_Steam_Generic.rar
Another Try 2 по сети,https://online-fix.me/games/survival/17773-another-try-2-po-seti.html,survival,https://uploads.online-fix.me:2053/uploads/Another%20Try%202/Fix%20Repair/AnotherTry2_Fix_Repair_Steam_Generic.rar
ANVIL по сети,https://online-fix.me/games/adventures/16876-anvil-po-seti.html,adventures,https://uploads.online-fix.me:2053/uploads/ANVIL/Fix%20Repair/
APICO по сети,https://online-fix.me/games/rpg/17417-apico-po-seti.html,rpg,https://uploads.online-fix.me:2053/uploads/APICO/Fix%20Repair/APICO_Fix_Repair_Steam_Generic.rar
Apocalypse Party по сети,https://online-fix.me/games/adventures/17403-apocalypse-party-po-seti.html,adventures,https://uploads.online-fix.me:2053/uploads/Apocalypse%20Party/Fix%20Repair/ApocalypseParty_Fix_Repair_Steam_Generic.rar
Ara History Untold по сети,https://online-fix.me/games/officialservers/17597-ara-history-untold-po-seti.html,officialservers,https://uploads.online-fix.me:2053/uploads/Ara%20History%20Untold/Fix%20Repair/AHU_Fix_Repair_Steam_Generic.rar
Aragami 2 по сети,https://online-fix.me/games/adventures/16737-aragami-2-po-seti.html,adventures,https://uploads.online-fix.me:2053/uploads/Aragami%202/Fix%20Repair/Aragami2_Fix_Repair_Steam_V4_Generic.rar
Aragami по сети,https://online-fix.me/games/arcade/16139-aragami-po-seti.html,arcade,https://uploads.online-fix.me:2053/uploads/Aragami/Fix%20Repair/Aragami_Fix_Repair_Steam_Generic.rar
Arcadegeddon по сети,https://online-fix.me/games/shooter/17028-arcadegeddon-po-seti.html,shooter,https://uploads.online-fix.me:2053/uploads/Arcadegeddon/Fix%20Repair/Arcadegeddon_Fix_Repair_Epic_Generic.rar
Arcane Blast по сети,https://online-fix.me/games/shooter/17669-arcane-blast-po-seti.html,shooter,https://uploads.online-fix.me:2053/uploads/Arcane%20Blast/Fix%20Repair/ArcaneBlast_Fix_Repair_Steam_Generic.rar
Archvale по сети,https://online-fix.me/games/adventures/16863-archvale-po-seti.html,adventures,https://uploads.online-fix.me:2053/uploads/Archvale/Fix%20Repair/Archvale_Fix_Repair_Steam_Generic.rar
ArcRunner по сети,https://online-fix.me/games/shooter/17258-arcrunner-po-seti.html,shooter,https://uploads.online-fix.me:2053/uploads/ArcRunner/Fix%20Repair/ArcRunner_Fix_Repair_Steam_Generic.rar
Arctico по сети,https://online-fix.me/games/survival/16953-arctico-po-seti.html,survival,https://uploads.online-fix.me:2053/uploads/Arctico/Fix%20Repair/Arctico_Fix_Repair_Steam_Generic.rar
Arizona Sunshine 2 по сети,https://online-fix.me/games/vr/17409-arizona-sunshine-2-po-seti.html,vr,https://uploads.online-fix.me:2053/uploads/Arizona%20Sunshine%202/Fix%20Repair/AS2_Fix_Repair_Steam_Generic.rar
Arizona Sunshine Remake по сети,https://online-fix.me/games/officialservers/17627-arizona-sunshine-remake-po-seti.html,officialservers,https://uploads.online-fix.me:2053/uploads/Arizona%20Sunshine%20Remake/Fix%20Repair/ArizonaSunshineRemake_Fix_Repair_Steam_Generic.rar
Arizona Sunshine по сети,https://online-fix.me/games/shooter/16304-arizona-sunshine-po-seti.html,shooter,None
Ark Nova по сети,https://online-fix.me/games/officialservers/18020-ark-nova-po-seti.html,officialservers,https://uploads.online-fix.me:2053/uploads/Ark%20Nova/Fix%20Repair/ArkNova_Fix_Repair_Steam_Generic.rar
ARK Survival Ascended по сети,https://online-fix.me/games/survival/17371-ark-survival-ascended-po-seti.html,survival,https://uploads.online-fix.me:2053/uploads/ARK%20Survival%20Ascended/Fix%20Repair/ARKSA.Dedicated.Server.Fix.V4.Generic.rar
Arma 3 по сети,https://online-fix.me/games/shooter/16457-arma-3-po-seti.html,shooter,https://uploads.online-fix.me:2053/uploads/Arma%203/Fix%20Repair/
Armello по сети,https://online-fix.me/games/strategy/16333-armello-po-seti.html,strategy,https://uploads.online-fix.me:2053/uploads/Armello/Fix%20Repair/
ARMORED CORE VI FIRES OF RUBICON по сети,https://online-fix.me/games/shooter/17488-armored-core-vi-fires-of-rubicon-po-seti.html,shooter,https://uploads.online-fix.me:2053/uploads/ARMORED%20CORE%20VI%20FIRES%20OF%20RUBICON/Fix%20Repair/ACVIFOR_Fix_Repair_Steam_Generic.rar
Ars Notoria по сети,https://online-fix.me/games/adventures/18043-ars-notoria-po-seti.html,adventures,https://uploads.online-fix.me:2053/uploads/Ars%20Notoria/Fix%20Repair/ArsNotoria_Fix_Repair_Steam_Generic.rar
As Dusk Falls по сети,https://online-fix.me/games/adventures/17064-as-dusk-falls-po-seti.html,adventures,https://uploads.online-fix.me:2053/uploads/As%20Dusk%20Falls/Fix%20Repair/ADF_Fix_Repair_GDK_Generic.rar
Ashen по сети,https://online-fix.me/games/fighting/16148-ashen-po-seti.html,fighting,https://uploads.online-fix.me:2053/uploads/Ashen/Fix%20Repair/Ashen_Fix_Repair_Steam_Generic.rar
Ashes of the Singularity Escalation по сети,https://online-fix.me/games/strategy/16609-ashes-of-the-singularity-escalation-po-seti.html,strategy,https://uploads.online-fix.me:2053/uploads/Ashes%20of%20the%20Singularity%20Escalation/Fix%20Repair/AotSE_Fix_Repair_Steam_Generic.rar
ASKA по сети,https://online-fix.me/games/officialservers/17539-aska-po-seti.html,officialservers,https://uploads.online-fix.me:2053/uploads/ASKA/Fix%20Repair/
Assetto Corsa Competizione по сети,https://online-fix.me/games/racing/16386-assetto-corsa-competizione-po-seti.html,racing,None
Assetto Corsa по сети,https://online-fix.me/games/racing/16392-assetto-corsa-po-seti.html,racing,None
Astro Colony по сети,https://online-fix.me/games/sandbox/17169-astro-colony-po-seti.html,sandbox,https://uploads.online-fix.me:2053/uploads/Astro%20Colony/Fix%20Repair/AstroColony_Fix_Repair_Steam_Generic.rar
ASTRONEER по сети,https://online-fix.me/games/sandbox/16169-astroneer-po-seti.html,sandbox,https://uploads.online-fix.me:2053/uploads/ASTRONEER/Fix%20Repair/ASTRONEER_Fix_Repair_Steam_V5_Generic.rar
Astrumis - Survive Together по сети,https://online-fix.me/games/horror/17796-astrumis-survive-together-po-seti.html,horror,https://uploads.online-fix.me:2053/uploads/Astrumis%20-%20Survive%20Together/Fix%20Repair/AstrumisSurviveTogether_Fix_Repair_Steam_Generic.rar
AT SUNDOWN Shots in the Dark по сети,https://online-fix.me/games/shooter/16920-at-sundown-shots-in-the-dark-po-seti.html,shooter,https://uploads.online-fix.me:2053/uploads/AT%20SUNDOWN%20Shots%20in%20the%20Dark/Fix%20Repair/ASSINTD_Fix_Repair_Steam_Generic.rar
Atlas Fallen по сети,https://online-fix.me/games/rpg/17306-atlas-fallen-po-seti.html,rpg,https://uploads.online-fix.me:2053/uploads/Atlas%20Fallen/Fix%20Repair/AtlasFallen_Fix_Repair_Steam_Generic.rar
ATLYSS по сети,https://online-fix.me/games/rpg/17644-atlyss-po-seti.html,rpg,https://uploads.online-fix.me:2053/uploads/ATLYSS/Fix%20Repair/ATLYSS_Fix_Repair_Steam_Generic.rar
ATOMEGA по сети,https://online-fix.me/games/shooter/17255-atomega-po-seti.html,shooter,https://uploads.online-fix.me:2053/uploads/ATOMEGA/Fix%20Repair/ATOMEGA_Fix_Repair_Steam_Generic.rar
Atomic Picnic по сети,https://online-fix.me/games/shooter/17632-atomic-picnic-po-seti.html,shooter,https://uploads.online-fix.me:2053/uploads/Atomic%20Picnic/Fix%20Repair/AtomicPicnic_Fix_Repair_Steam_Generic.rar
Attack on Titan 2 по сети,https://online-fix.me/games/shooter/16566-attack-on-titan-2-po-seti.html,shooter,https://uploads.online-fix.me:2053/uploads/Attack%20on%20Titan%202/Fix%20Repair/AoT2_Fix_Repair_Steam_Generic.rar
Attack on Titan A.O.T. Wings of Freedom по сети,https://online-fix.me/games/shooter/16523-attack-on-titan-aot-wings-of-freedom-po-seti.html,shooter,https://uploads.online-fix.me:2053/uploads/Attack%20on%20Titan%20A.O.T.%20Wings%20of%20Freedom/Fix%20Repair/AoTWoF_Fix_Repair_Steam_Generic.rar
Automobilista 2 по сети,https://online-fix.me/games/vr/16593-automobilista-2-po-seti.html,vr,https://uploads.online-fix.me:2053/uploads/Automobilista%202/Fix%20Repair/Automobilista2_Fix_Repair_Steam_V2_Generic.rar
Avatar The Last Airbender Quest for Balance по сети,https://online-fix.me/games/adventures/17359-avatar-the-last-airbender-quest-for-balance-po-seti.html,adventures,https://uploads.online-fix.me:2053/uploads/Avatar%20The%20Last%20Airbender%20Quest%20for%20Balance/Fix%20Repair/ATLAQfB_Fix_Repair_Steam_Generic.rar
Avorion по сети,https://online-fix.me/games/simulator/16665-avorion-po-seti.html,simulator,https://uploads.online-fix.me:2053/uploads/Avorion/Fix%20Repair/Avorion_Fix_Repair_Steam_V2_Generic.rar
